Workbook

Sheet unemp
A1: year | B1: north.east | C1: north.west | D1: yorkshire.and.the.humber | E1: east.midlands | F1: west.midlands | G1: east | H1: london | I1: south.east | J1: south.west | K1: wales | L1: scotland | M1: northern.ireland
A2: 1975 | B2: 4.3 | C2: 3.7 | D2: 2.7 | E2: 2.5 | F2: 2.9 | G2: 2.2 | H2: 1.9 | I2: 2 | J2: 3.2 | K2: 4.6 | L2: 4.4 | M2: 6.3
A3: 1976 | B3: 5.4 | C3: 4.7 | D3: 3.7 | E3: 3.2 | F3: 4 | G3: 3.1 | H3: 3.1 | I3: 2.8 | J3: 4.3 | K3: 5.9 | L3: 5.9 | M3: 8.2
A4: 1977 | B4: 6 | C4: 4.8 | D4: 3.8 | E4: 3.4 | F4: 3.9 | G4: 3.3 | H4: 3.2 | I4: 3 | J4: 4.5 | K4: 6.3 | L4: 6.8 | M4: 9.1
A5: 1978 | B5: 6.5 | C5: 4.8 | D5: 4 | E5: 3.4 | F5: 3.8 | G5: 3 | H5: 2.9 | I5: 2.7 | J5: 4.2 | K5: 6.5 | L5: 6.8 | M5: 9.6
A6: 1979 | B6: 6.5 | C6: 4.6 | D6: 3.8 | E6: 3.1 | F6: 3.7 | G6: 2.6 | H6: 2.5 | I6: 2.2 | J6: 3.7 | K6: 6.1 | L6: 6.6 | M6: 9.2
A7: 1980 | B7: 8 | C7: 6 | D7: 5 | E7: 4.2 | F7: 5.2 | G7: 3.2 | H7: 3.1 | I7: 2.8 | J7: 4.2 | K7: 8.6 | L7: 8.8 | M7: 11.7
A8: 1981 | B8: 11.8 | C8: 9.4 | D8: 8.3 | E8: 6.9 | F8: 9.4 | G8: 5.6 | H8: 5.2 | I8: 5 | J8: 6.2 | K8: 12.4 | L8: 12 | M8: 15.6
A9: 1982 | B9: 13.5 | C9: 11.2 | D9: 9.8 | E9: 8 | F9: 11.2 | G9: 6.7 | H9: 6.4 | I9: 6 | J9: 7.2 | K9: 13.2 | L9: 12.5 | M9: 16
A10: 1983 | B10: 14.7 | C10: 12.4 | D10: 10.8 | E10: 8.9 | F10: 12.2 | G10: 7.3 | H10: 7.4 | I10: 6.5 | J10: 8.1 | K10: 13.8 | L10: 13.3 | M10: 16.8
A11: 1984 | B11: 15.4 | C11: 12.6 | D11: 11 | E11: 9.3 | F11: 11.9 | G11: 7.3 | H11: 7.8 | I11: 6.6 | J11: 8.3 | K11: 13.6 | L11: 13.3 | M11: 17.2
A12: 1985 | B12: 15.6 | C12: 12.6 | D12: 11.3 | E12: 9.3 | F12: 12.1 | G12: 7.5 | H12: 8.3 | I12: 6.6 | J12: 8.6 | K12: 14.2 | L12: 13.7 | M12: 17
A13: 1986 | B13: 15.6 | C13: 12.7 | D13: 11.8 | E13: 9.4 | F13: 12.1 | G13: 7.8 | H13: 8.6 | I13: 6.7 | J13: 8.7 | K13: 14 | L13: 14 | M13: 17.7
... A52: 2025 | B52: 7.1 | C52: 4.7 | D52: 6 | E52: 5.6 | F52: 6.1 | G52: 4.3 | H52: 7.9 | I52: 4 | J52: 3.9 | K52: 3.5 | L52: 3.9 | M52: 2.2

Sheet unemp_devi
A1: year | B1: north.east | C1: north.west | D1: yorkshire.and.the.humber | E1: east.midlands | F1: west.midlands | G1: east | H1: london | I1: south.east | J1: south.west
A2: 1975 | B2: =unemp!B2-AVERAGE(unemp!B$2:B$52) -> -4.4058824 | C2: =unemp!C2-AVERAGE(unemp!C$2:C$52) -> -3.2882353 | D2: =unemp!D2-AVERAGE(unemp!D$2:D$52) -> -4.0529412 | E2: =unemp!E2-AVERAGE(unemp!E$2:E$52) -> -3.2294118 | F2: =unemp!F2-AVERAGE(unemp!F$2:F$52) -> -4.1372549 | G2: =unemp!G2-AVERAGE(unemp!G$2:G$52) -> -2.8039216 | H2: =unemp!H2-AVERAGE(unemp!H$2:H$52) -> -5.0156863 | I2: =unemp!I2-AVERAGE(unemp!I$2:I$52) -> -2.5019608 | J2: =unemp!J2-AVERAGE(unemp!J$2:J$52) -> -1.8431373
A3: 1976 | B3: =unemp!B3-AVERAGE(unemp!B$2:B$52) -> -3.3058824 | C3: =unemp!C3-AVERAGE(unemp!C$2:C$52) -> -2.2882353 | D3: =unemp!D3-AVERAGE(unemp!D$2:D$52) -> -3.0529412 | E3: =unemp!E3-AVERAGE(unemp!E$2:E$52) -> -2.5294118 | F3: =unemp!F3-AVERAGE(unemp!F$2:F$52) -> -3.0372549 | G3: =unemp!G3-AVERAGE(unemp!G$2:G$52) -> -1.9039216 | H3: =unemp!H3-AVERAGE(unemp!H$2:H$52) -> -3.8156863 | I3: =unemp!I3-AVERAGE(unemp!I$2:I$52) -> -1.7019608 | J3: =unemp!J3-AVERAGE(unemp!J$2:J$52) -> -0.74313725
A4: 1977 | B4: =unemp!B4-AVERAGE(unemp!B$2:B$52) -> -2.7058824 | C4: =unemp!C4-AVERAGE(unemp!C$2:C$52) -> -2.1882353 | D4: =unemp!D4-AVERAGE(unemp!D$2:D$52) -> -2.9529412 | E4: =unemp!E4-AVERAGE(unemp!E$2:E$52) -> -2.3294118 | F4: =unemp!F4-AVERAGE(unemp!F$2:F$52) -> -3.1372549 | G4: =unemp!G4-AVERAGE(unemp!G$2:G$52) -> -1.7039216 | H4: =unemp!H4-AVERAGE(unemp!H$2:H$52) -> -3.7156863 | I4: =unemp!I4-AVERAGE(unemp!I$2:I$52) -> -1.5019608 | J4: =unemp!J4-AVERAGE(unemp!J$2:J$52) -> -0.54313725
A5: 1978 | B5: =unemp!B5-AVERAGE(unemp!B$2:B$52) -> -2.2058824 | C5: =unemp!C5-AVERAGE(unemp!C$2:C$52) -> -2.1882353 | D5: =unemp!D5-AVERAGE(unemp!D$2:D$52) -> -2.7529412 | E5: =unemp!E5-AVERAGE(unemp!E$2:E$52) -> -2.3294118 | F5: =unemp!F5-AVERAGE(unemp!F$2:F$52) -> -3.2372549 | G5: =unemp!G5-AVERAGE(unemp!G$2:G$52) -> -2.0039216 | H5: =unemp!H5-AVERAGE(unemp!H$2:H$52) -> -4.0156863 | I5: =unemp!I5-AVERAGE(unemp!I$2:I$52) -> -1.8019608 | J5: =unemp!J5-AVERAGE(unemp!J$2:J$52) -> -0.84313725
A6: 1979 | B6: =unemp!B6-AVERAGE(unemp!B$2:B$52) -> -2.2058824 | C6: =unemp!C6-AVERAGE(unemp!C$2:C$52) -> -2.3882353 | D6: =unemp!D6-AVERAGE(unemp!D$2:D$52) -> -2.9529412 | E6: =unemp!E6-AVERAGE(unemp!E$2:E$52) -> -2.6294118 | F6: =unemp!F6-AVERAGE(unemp!F$2:F$52) -> -3.3372549 | G6: =unemp!G6-AVERAGE(unemp!G$2:G$52) -> -2.4039216 | H6: =unemp!H6-AVERAGE(unemp!H$2:H$52) -> -4.4156863 | I6: =unemp!I6-AVERAGE(unemp!I$2:I$52) -> -2.3019608 | J6: =unemp!J6-AVERAGE(unemp!J$2:J$52) -> -1.3431373
A7: 1980 | B7: =unemp!B7-AVERAGE(unemp!B$2:B$52) -> -0.70588235 | C7: =unemp!C7-AVERAGE(unemp!C$2:C$52) -> -0.98823529 | D7: =unemp!D7-AVERAGE(unemp!D$2:D$52) -> -1.7529412 | E7: =unemp!E7-AVERAGE(unemp!E$2:E$52) -> -1.5294118 | F7: =unemp!F7-AVERAGE(unemp!F$2:F$52) -> -1.8372549 | G7: =unemp!G7-AVERAGE(unemp!G$2:G$52) -> -1.8039216 | H7: =unemp!H7-AVERAGE(unemp!H$2:H$52) -> -3.8156863 | I7: =unemp!I7-AVERAGE(unemp!I$2:I$52) -> -1.7019608 | J7: =unemp!J7-AVERAGE(unemp!J$2:J$52) -> -0.84313725
A8: 1981 | B8: =unemp!B8-AVERAGE(unemp!B$2:B$52) -> 3.0941176 | C8: =unemp!C8-AVERAGE(unemp!C$2:C$52) -> 2.4117647 | D8: =unemp!D8-AVERAGE(unemp!D$2:D$52) -> 1.5470588 | E8: =unemp!E8-AVERAGE(unemp!E$2:E$52) -> 1.1705882 | F8: =unemp!F8-AVERAGE(unemp!F$2:F$52) -> 2.3627451 | G8: =unemp!G8-AVERAGE(unemp!G$2:G$52) -> 0.59607843 | H8: =unemp!H8-AVERAGE(unemp!H$2:H$52) -> -1.7156863 | I8: =unemp!I8-AVERAGE(unemp!I$2:I$52) -> 0.49803922 | J8: =unemp!J8-AVERAGE(unemp!J$2:J$52) -> 1.1568627
A9: 1982 | B9: =unemp!B9-AVERAGE(unemp!B$2:B$52) -> 4.7941176 | C9: =unemp!C9-AVERAGE(unemp!C$2:C$52) -> 4.2117647 | D9: =unemp!D9-AVERAGE(unemp!D$2:D$52) -> 3.0470588 | E9: =unemp!E9-AVERAGE(unemp!E$2:E$52) -> 2.2705882 | F9: =unemp!F9-AVERAGE(unemp!F$2:F$52) -> 4.1627451 | G9: =unemp!G9-AVERAGE(unemp!G$2:G$52) -> 1.6960784 | H9: =unemp!H9-AVERAGE(unemp!H$2:H$52) -> -0.51568627 | I9: =unemp!I9-AVERAGE(unemp!I$2:I$52) -> 1.4980392 | J9: =unemp!J9-AVERAGE(unemp!J$2:J$52) -> 2.1568627
A10: 1983 | B10: =unemp!B10-AVERAGE(unemp!B$2:B$52) -> 5.9941176 | C10: =unemp!C10-AVERAGE(unemp!C$2:C$52) -> 5.4117647 | D10: =unemp!D10-AVERAGE(unemp!D$2:D$52) -> 4.0470588 | E10: =unemp!E10-AVERAGE(unemp!E$2:E$52) -> 3.1705882 | F10: =unemp!F10-AVERAGE(unemp!F$2:F$52) -> 5.1627451 | G10: =unemp!G10-AVERAGE(unemp!G$2:G$52) -> 2.2960784 | H10: =unemp!H10-AVERAGE(unemp!H$2:H$52) -> 0.48431373 | I10: =unemp!I10-AVERAGE(unemp!I$2:I$52) -> 1.9980392 | J10: =unemp!J10-AVERAGE(unemp!J$2:J$52) -> 3.0568627
A11: 1984 | B11: =unemp!B11-AVERAGE(unemp!B$2:B$52) -> 6.6941176 | C11: =unemp!C11-AVERAGE(unemp!C$2:C$52) -> 5.6117647 | D11: =unemp!D11-AVERAGE(unemp!D$2:D$52) -> 4.2470588 | E11: =unemp!E11-AVERAGE(unemp!E$2:E$52) -> 3.5705882 | F11: =unemp!F11-AVERAGE(unemp!F$2:F$52) -> 4.8627451 | G11: =unemp!G11-AVERAGE(unemp!G$2:G$52) -> 2.2960784 | H11: =unemp!H11-AVERAGE(unemp!H$2:H$52) -> 0.88431373 | I11: =unemp!I11-AVERAGE(unemp!I$2:I$52) -> 2.0980392 | J11: =unemp!J11-AVERAGE(unemp!J$2:J$52) -> 3.2568627
A12: 1985 | B12: =unemp!B12-AVERAGE(unemp!B$2:B$52) -> 6.8941176 | C12: =unemp!C12-AVERAGE(unemp!C$2:C$52) -> 5.6117647 | D12: =unemp!D12-AVERAGE(unemp!D$2:D$52) -> 4.5470588 | E12: =unemp!E12-AVERAGE(unemp!E$2:E$52) -> 3.5705882 | F12: =unemp!F12-AVERAGE(unemp!F$2:F$52) -> 5.0627451 | G12: =unemp!G12-AVERAGE(unemp!G$2:G$52) -> 2.4960784 | H12: =unemp!H12-AVERAGE(unemp!H$2:H$52) -> 1.3843137 | I12: =unemp!I12-AVERAGE(unemp!I$2:I$52) -> 2.0980392 | J12: =unemp!J12-AVERAGE(unemp!J$2:J$52) -> 3.5568627
A13: 1986 | B13: =unemp!B13-AVERAGE(unemp!B$2:B$52) -> 6.8941176 | C13: =unemp!C13-AVERAGE(unemp!C$2:C$52) -> 5.7117647 | D13: =unemp!D13-AVERAGE(unemp!D$2:D$52) -> 5.0470588 | E13: =unemp!E13-AVERAGE(unemp!E$2:E$52) -> 3.6705882 | F13: =unemp!F13-AVERAGE(unemp!F$2:F$52) -> 5.0627451 | G13: =unemp!G13-AVERAGE(unemp!G$2:G$52) -> 2.7960784 | H13: =unemp!H13-AVERAGE(unemp!H$2:H$52) -> 1.6843137 | I13: =unemp!I13-AVERAGE(unemp!I$2:I$52) -> 2.1980392 | J13: =unemp!J13-AVERAGE(unemp!J$2:J$52) -> 3.6568627
... A52: 2025 | B52: =unemp!B52-AVERAGE(unemp!B$2:B$52) -> -1.6058824 | C52: =unemp!C52-AVERAGE(unemp!C$2:C$52) -> -2.2882353 | D52: =unemp!D52-AVERAGE(unemp!D$2:D$52) -> -0.75294118 | E52: =unemp!E52-AVERAGE(unemp!E$2:E$52) -> -0.12941176 | F52: =unemp!F52-AVERAGE(unemp!F$2:F$52) -> -0.9372549 | G52: =unemp!G52-AVERAGE(unemp!G$2:G$52) -> -0.70392157 | H52: =unemp!H52-AVERAGE(unemp!H$2:H$52) -> 0.98431373 | I52: =unemp!I52-AVERAGE(unemp!I$2:I$52) -> -0.50196078 | J52: =unemp!J52-AVERAGE(unemp!J$2:J$52) -> -1.1431373

Sheet unemp_avg
A1: region | B1: runemp_avg
A2: north.east | B2: 8.7058824
A3: north.west | B3: 6.9882353
A4: yorkshire.and.the.humber | B4: 6.7529412
A5: east.midlands | B5: 5.7294118
A6: west.midlands | B6: 7.0372549
A7: east | B7: 5.0039216
A8: london | B8: 6.9156863
A9: south.east | B9: 4.5019608
A10: south.west | B10: 5.0431373
A11: wales | B11: 7.3313725
A12: scotland | B12: 7.3843137
A13: northern.ireland | B13: 8.4058824

Sheet home_bachfee
A1: year | B1: north.east | C1: north.west | D1: yorkshire.and.the.humber | E1: east.midlands | F1: west.midlands | G1: east | H1: london | I1: south.east | J1: south.west | K1: wales | L1: scotland | M1: northern.ireland
A2: 1975 | B2: 0 | C2: 0 | D2: 0 | E2: 0 | F2: 0 | G2: 0 | H2: 0 | I2: 0 | J2: 0 | K2: 0 | L2: 0 | M2: 0
A3: 1976 | B3: 0 | C3: 0 | D3: 0 | E3: 0 | F3: 0 | G3: 0 | H3: 0 | I3: 0 | J3: 0 | K3: 0 | L3: 0 | M3: 0
A4: 1977 | B4: 0 | C4: 0 | D4: 0 | E4: 0 | F4: 0 | G4: 0 | H4: 0 | I4: 0 | J4: 0 | K4: 0 | L4: 0 | M4: 0
A5: 1978 | B5: 0 | C5: 0 | D5: 0 | E5: 0 | F5: 0 | G5: 0 | H5: 0 | I5: 0 | J5: 0 | K5: 0 | L5: 0 | M5: 0
A6: 1979 | B6: 0 | C6: 0 | D6: 0 | E6: 0 | F6: 0 | G6: 0 | H6: 0 | I6: 0 | J6: 0 | K6: 0 | L6: 0 | M6: 0
A7: 1980 | B7: 0 | C7: 0 | D7: 0 | E7: 0 | F7: 0 | G7: 0 | H7: 0 | I7: 0 | J7: 0 | K7: 0 | L7: 0 | M7: 0
A8: 1981 | B8: 0 | C8: 0 | D8: 0 | E8: 0 | F8: 0 | G8: 0 | H8: 0 | I8: 0 | J8: 0 | K8: 0 | L8: 0 | M8: 0
A9: 1982 | B9: 0 | C9: 0 | D9: 0 | E9: 0 | F9: 0 | G9: 0 | H9: 0 | I9: 0 | J9: 0 | K9: 0 | L9: 0 | M9: 0
A10: 1983 | B10: 0 | C10: 0 | D10: 0 | E10: 0 | F10: 0 | G10: 0 | H10: 0 | I10: 0 | J10: 0 | K10: 0 | L10: 0 | M10: 0
A11: 1984 | B11: 0 | C11: 0 | D11: 0 | E11: 0 | F11: 0 | G11: 0 | H11: 0 | I11: 0 | J11: 0 | K11: 0 | L11: 0 | M11: 0
A12: 1985 | B12: 0 | C12: 0 | D12: 0 | E12: 0 | F12: 0 | G12: 0 | H12: 0 | I12: 0 | J12: 0 | K12: 0 | L12: 0 | M12: 0
A13: 1986 | B13: 0 | C13: 0 | D13: 0 | E13: 0 | F13: 0 | G13: 0 | H13: 0 | I13: 0 | J13: 0 | K13: 0 | L13: 0 | M13: 0
... A52: 2025 | B52: 9535 | C52: 9535 | D52: 9535 | E52: 9535 | F52: 9535 | G52: 9535 | H52: 9535 | I52: 9535 | J52: 9535 | K52: 9535 | L52: 0 | M52: 4750

Sheet earn
A1: year | B1: east | C1: east.midlands | D1: london | E1: north.east | F1: north.west | G1: northern.ireland | H1: scotland | I1: south.east | J1: south.west | K1: wales | L1: west.midlands | M1: yorkshire.and.the.humber
A2: 1991 | B2: 7.2126444 | C2: 7.1268641 | D2: 7.4332533 | E2: 7.1935468 | F2: 7.2223533 | G2: #N/A | H2: 7.2370765 | I2: 7.2683759 | J2: 7.0729859 | K2: 7.1492363 | L2: 7.1762499 | M2: 7.0662394
A3: 1992 | B3: 7.2363683 | C3: 7.1139239 | D3: 7.4034646 | E3: 7.2444904 | F3: 7.1984102 | G3: #N/A | H3: 7.1706782 | I3: 7.2411764 | J3: 7.110959 | K3: 7.2293768 | L3: 7.2052697 | M3: 7.1111239
A4: 1993 | B4: 7.2230652 | C4: 7.0567075 | D4: 7.4099136 | E4: 7.2742656 | F4: 7.1784045 | G4: #N/A | H4: 7.1968585 | I4: 7.218071 | J4: 7.1082949 | K4: 7.2192265 | L4: 7.1393279 | M4: 7.1274094
A5: 1994 | B5: 7.1998895 | C5: 7.1193174 | D5: 7.4204225 | E5: 7.1738756 | F5: 7.2123627 | G5: #N/A | H5: 7.2549937 | I5: 7.197279 | J5: 7.0586074 | K5: 7.2366995 | L5: 7.1832337 | M5: 7.1172362
A6: 1995 | B6: 7.197998 | C6: 7.1314407 | D6: 7.4798415 | E6: 7.2526564 | F6: 7.2705799 | G6: #N/A | H6: 7.2587736 | I6: 7.2451817 | J6: 7.0933935 | K6: 7.2522414 | L6: 7.1706614 | M6: 7.1314407
A7: 1996 | B7: 7.1986321 | C7: 7.1574323 | D7: 7.4909978 | E7: 7.0871925 | F7: 7.2579938 | G7: #N/A | H7: 7.2401204 | I7: 7.2837506 | J7: 7.0912493 | K7: 7.2378528 | L7: 7.1865596 | M7: 7.1523025
A8: 1997 | B8: 7.2646403 | C8: 7.1717704 | D8: 7.4469619 | E8: 7.2539673 | F8: 7.2428174 | G8: #N/A | H8: 7.1790642 | I8: 7.2646403 | J8: 7.1362385 | K8: 7.1750396 | L8: 7.1592799 | M8: 7.1571963
A9: 1998 | B9: 7.2465985 | C9: 7.1510854 | D9: 7.4721388 | E9: 7.2458289 | F9: 7.2458289 | G9: #N/A | H9: 7.2475975 | I9: 7.2866509 | J9: 7.160997 | K9: 7.2047337 | L9: 7.1847231 | M9: 7.1458169
A10: 1999 | B10: 7.2884323 | C10: 7.2223398 | D10: 7.5160084 | E10: 7.324531 | F10: 7.2391712 | G10: #N/A | H10: 7.2292208 | I10: 7.3317513 | J10: 7.2190228 | K10: 7.2031335 | L10: 7.267672 | M10: 7.2090181
A11: 2000 | B11: 7.3709408 | C11: 7.2470195 | D11: 7.5649978 | E11: 7.3572227 | F11: 7.3121967 | G11: #N/A | H11: 7.2857677 | I11: 7.4082748 | J11: 7.2643443 | K11: 7.2559119 | L11: 7.2600612 | M11: 7.2869868
A12: 2001 | B12: 7.3949316 | C12: 7.2975636 | D12: 7.5787781 | E12: 7.3675853 | F12: 7.3556345 | G12: 7.2649687 | H12: 7.3255666 | I12: 7.4451996 | J12: 7.2815266 | K12: 7.2660224 | L12: 7.2407046 | M12: 7.2815266
A13: 2002 | B13: 7.4249414 | C13: 7.339471 | D13: 7.6426535 | E13: 7.442581 | F13: 7.3850714 | G13: 7.2906884 | H13: 7.354478 | I13: 7.523636 | J13: 7.3234012 | K13: 7.282474 | L13: 7.3405449 | M13: 7.3694854
A14: 2003 | B14: 7.4933988 | C14: 7.3966362 | D14: 7.6091636 | E14: 7.3966362 | F14: 7.3958667 | G14: 7.2688029 | H14: 7.3827729 | I14: 7.5099649 | J14: 7.3040765 | K14: 7.2688029 | L14: 7.3279291 | M14: 7.3297269
A15: 2004 | B15: 7.446597 | C15: 7.450481 | D15: 7.7189266 | E15: 7.4705595 | F15: 7.3953037 | G15: 7.2994364 | H15: 7.4163943 | I15: 7.5206499 | J15: 7.3529458 | K15: 7.3209523 | L15: 7.3420061 | M15: 7.3306249
A16: 2005 | B16: 7.4888957 | C16: 7.410561 | D16: 7.8067865 | E16: 7.4283012 | F16: 7.4259209 | G16: 7.3316102 | H16: 7.4415206 | I16: 7.5256983 | J16: 7.3617671 | K16: 7.3213299 | L16: 7.3570974 | M16: 7.3806448
A17: 2006 | B17: 7.5161051 | C17: 7.4716533 | D17: 7.7530043 | E17: 7.4768844 | F17: 7.4512206 | G17: 7.3564458 | H17: 7.4385652 | I17: 7.5202135 | J17: 7.3771126 | K17: 7.3032209 | L17: 7.3771126 | M17: 7.4512206
A18: 2007 | B18: 7.5033811 | C18: 7.4962435 | D18: 7.7843103 | E18: 7.5433244 | F18: 7.4586171 | G18: 7.3527578 | H18: 7.4328006 | I18: 7.5357736 | J18: 7.4276353 | K18: 7.3259709 | L18: 7.3534564 | M18: 7.4374475
A19: 2008 | B19: 7.4314783 | C19: 7.4088729 | D19: 7.7886538 | E19: 7.4947288 | F19: 7.4723002 | G19: 7.3434674 | H19: 7.4612504 | I19: 7.4886494 | J19: 7.3930271 | K19: 7.3589716 | L19: 7.4179949 | M19: 7.404092
A20: 2009 | B20: 7.4720289 | C20: 7.3457708 | D20: 7.5956994 | E20: 7.3476625 | F20: 7.4007441 | G20: 7.3632632 | H20: 7.4420363 | I20: 7.5218658 | J20: 7.3718118 | K20: 7.3240375 | L20: 7.353844 | M20: 7.3240375
A21: 2010 | B21: 7.4831958 | C21: 7.3600461 | D21: 7.5713528 | E21: 7.4172021 | F21: 7.4059153 | G21: 7.3301907 | H21: 7.4355854 | I21: 7.5135239 | J21: 7.3600461 | K21: 7.3177489 | L21: 7.3647288 | M21: 7.3482092
A22: 2011 | B22: 7.457024 | C22: 7.3104301 | D22: 7.5800347 | E22: 7.3793659 | F22: 7.3797625 | G22: 7.3511927 | H22: 7.433431 | I22: 7.508357 | J22: 7.3793659 | K22: 7.310373 | L22: 7.3614259 | M22: 7.3285427
A23: 2012 | B23: 7.4219283 | C23: 7.2984591 | D23: 7.5473304 | E23: 7.3360191 | F23: 7.3931798 | G23: 7.3200575 | H23: 7.4298913 | I23: 7.4791222 | J23: 7.353959 | K23: 7.2849662 | L23: 7.347941 | M23: 7.2956235
... A34: 2023 | B34: 7.5717668 | C34: 7.4324449 | D34: 7.6899499 | E34: 7.4735348 | F34: 7.4290675 | G34: 7.4093749 | H34: 7.5314824 | I34: 7.5725828 | J34: 7.4853009 | K34: 7.3978135 | L34: 7.4645817 | M34: 7.4390149

Sheet earn_avg
A1: region | B1: rearn_avg
A2: east | B2: 7.4032556
A3: east.midlands | B3: 7.3092248
A4: london | B4: 7.5834988
A5: north.east | B5: 7.3624178
A6: north.west | B6: 7.3518021
A7: northern.ireland | B7: 7.3324
A8: scotland | B8: 7.3804301
A9: south.east | B9: 7.4409193
A10: south.west | B10: 7.3013488
A11: wales | B11: 7.2939266
A12: west.midlands | B12: 7.3137134
A13: yorkshire.and.the.humber | B13: 7.2957199

Sheet unicount
A1: year | B1: north.east | C1: north.west | D1: yorkshire.and.the.humber | E1: east.midlands | F1: west.midlands | G1: east | H1: london | I1: south.east | J1: south.west | K1: wales | L1: scotland | M1: northern.ireland
A2: 1975 | B2: 2 | C2: 4 | D2: 5 | E2: 3 | F2: 4 | G2: 3 | H2: 3 | I2: 7 | J2: 3 | K2: 1 | L2: 8 | M2: 2
A3: 1976 | B3: 2 | C3: 4 | D3: 5 | E3: 3 | F3: 4 | G3: 3 | H3: 3 | I3: 7 | J3: 3 | K3: 1 | L3: 8 | M3: 2
A4: 1977 | B4: 2 | C4: 4 | D4: 5 | E4: 3 | F4: 4 | G4: 3 | H4: 3 | I4: 7 | J4: 3 | K4: 1 | L4: 8 | M4: 2
A5: 1978 | B5: 2 | C5: 4 | D5: 5 | E5: 3 | F5: 4 | G5: 3 | H5: 3 | I5: 7 | J5: 3 | K5: 1 | L5: 8 | M5: 2
A6: 1979 | B6: 2 | C6: 4 | D6: 5 | E6: 3 | F6: 4 | G6: 3 | H6: 3 | I6: 7 | J6: 3 | K6: 1 | L6: 8 | M6: 2
A7: 1980 | B7: 2 | C7: 4 | D7: 5 | E7: 3 | F7: 4 | G7: 3 | H7: 3 | I7: 7 | J7: 3 | K7: 1 | L7: 8 | M7: 2
A8: 1981 | B8: 2 | C8: 4 | D8: 5 | E8: 3 | F8: 4 | G8: 3 | H8: 3 | I8: 7 | J8: 3 | K8: 1 | L8: 8 | M8: 2
A9: 1982 | B9: 2 | C9: 4 | D9: 5 | E9: 3 | F9: 4 | G9: 3 | H9: 3 | I9: 7 | J9: 3 | K9: 1 | L9: 8 | M9: 2
A10: 1983 | B10: 2 | C10: 4 | D10: 5 | E10: 3 | F10: 4 | G10: 3 | H10: 3 | I10: 8 | J10: 3 | K10: 1 | L10: 8 | M10: 2
A11: 1984 | B11: 2 | C11: 4 | D11: 5 | E11: 3 | F11: 4 | G11: 3 | H11: 3 | I11: 8 | J11: 3 | K11: 1 | L11: 8 | M11: 2
A12: 1985 | B12: 2 | C12: 4 | D12: 5 | E12: 3 | F12: 4 | G12: 3 | H12: 3 | I12: 8 | J12: 3 | K12: 1 | L12: 8 | M12: 2
A13: 1986 | B13: 2 | C13: 4 | D13: 5 | E13: 3 | F13: 4 | G13: 3 | H13: 3 | I13: 8 | J13: 3 | K13: 1 | L13: 8 | M13: 2
... A52: 2025 | B52: 5 | C52: 12 | D52: 11 | E52: 9 | F52: 13 | G52: 9 | H52: 28 | I52: 20 | J52: 15 | K52: 8 | L52: 15 | M52: 2

Sheet pop
A1: year | B1: north.east | C1: north.west | D1: yorkshire.and.the.humber | E1: east.midlands | F1: west.midlands | G1: east | H1: london | I1: south.east | J1: south.west
A2: 1975 | B2: =AVERAGE(B3:B7) -> 2622118.9 | C2: =AVERAGE(C3:C7) -> 6899633.5 | D2: =AVERAGE(D3:D7) -> 4906197.8 | E2: =AVERAGE(E3:E7) -> 3857286.7 | F2: =AVERAGE(F3:F7) -> 5179813.4 | G2: =AVERAGE(G3:G7) -> 4889267.3 | H2: =AVERAGE(H3:H7) -> 6761130.3 | I2: =AVERAGE(I3:I7) -> 7295459.8 | J2: =AVERAGE(J3:J7) -> 4418880.2 | K2: =SUM(unicount!$B2:$J2)/SUM(pop!$B2:$J2)*100000 -> 0.072603361
A3: 1976 | B3: =AVERAGE(B4:B8) -> 2624464.7 | C3: =AVERAGE(C4:C8) -> 6906415.3 | D3: =AVERAGE(D4:D8) -> 4908253.5 | E3: =AVERAGE(E4:E8) -> 3856519.4 | F3: =AVERAGE(F4:F8) -> 5180951.3 | G3: =AVERAGE(G4:G8) -> 4883554.8 | H3: =AVERAGE(H4:H8) -> 6761789.3 | I3: =AVERAGE(I4:I8) -> 7286725.7 | J3: =AVERAGE(J4:J8) -> 4412964.2 | K3: =SUM(unicount!$B3:$J3)/SUM(pop!$B3:$J3)*100000 -> 0.072615998
A4: 1977 | B4: =AVERAGE(B5:B9) -> 2624428.6 | C4: =AVERAGE(C5:C9) -> 6906567.4 | D4: =AVERAGE(D5:D9) -> 4908039.2 | E4: =AVERAGE(E5:E9) -> 3855331.7 | F4: =AVERAGE(F5:F9) -> 5180617.4 | G4: =AVERAGE(G5:G9) -> 4881749 | H4: =AVERAGE(H5:H9) -> 6762338.4 | I4: =AVERAGE(I5:I9) -> 7284477.1 | J4: =AVERAGE(J5:J9) -> 4410705.8 | K4: =SUM(unicount!$B4:$J4)/SUM(pop!$B4:$J4)*100000 -> 0.072627451
A5: 1978 | B5: =AVERAGE(B6:B10) -> 2623166.2 | C5: =AVERAGE(C6:C10) -> 6902296.7 | D5: =AVERAGE(D6:D10) -> 4907115.7 | E5: =AVERAGE(E6:E10) -> 3855223.4 | F5: =AVERAGE(F6:F10) -> 5179626.4 | G5: =AVERAGE(G6:G10) -> 4885052.8 | H5: =AVERAGE(H6:H10) -> 6760780.2 | I5: =AVERAGE(I6:I10) -> 7287561.7 | J5: =AVERAGE(J6:J10) -> 4413338 | K5: =SUM(unicount!$B5:$J5)/SUM(pop!$B5:$J5)*100000 -> 0.072627597
A6: 1979 | B6: =AVERAGE(B7:B11) -> 2620865.5 | C6: =AVERAGE(C7:C11) -> 6895402.9 | D6: =AVERAGE(D7:D11) -> 4905072.1 | E6: =AVERAGE(E7:E11) -> 3857150.2 | F6: =AVERAGE(F7:F11) -> 5178700 | G6: =AVERAGE(G7:G11) -> 4892009.8 | H6: =AVERAGE(H7:H11) -> 6759769.6 | I6: =AVERAGE(I7:I11) -> 7299770.4 | J6: =AVERAGE(J7:J11) -> 4421801 | K6: =SUM(unicount!$B6:$J6)/SUM(pop!$B6:$J6)*100000 -> 0.072602193
A7: 1980 | B7: =AVERAGE(B8:B12) -> 2617669.4 | C7: =AVERAGE(C8:C12) -> 6887485.4 | D7: =AVERAGE(D8:D12) -> 4902508.4 | E7: =AVERAGE(E8:E12) -> 3862208.8 | F7: =AVERAGE(F8:F12) -> 5179171.8 | G7: =AVERAGE(G8:G12) -> 4903970.2 | H7: =AVERAGE(H8:H12) -> 6760974.2 | I7: =AVERAGE(I8:I12) -> 7318764.2 | J7: =AVERAGE(J8:J12) -> 4435592 | K7: =SUM(unicount!$B7:$J7)/SUM(pop!$B7:$J7)*100000 -> 0.072543634
A8: 1981 | B8: 2636194 | C8: 6940324 | D8: 4918532 | E8: 3852683 | F8: 5186641 | G8: 4854992 | H8: 6765084 | I8: 7243055 | J8: 4383384 | K8: =SUM(unicount!$B8:$J8)/SUM(pop!$B8:$J8)*100000 -> 0.072679252
A9: 1982 | B9: 2624248 | C9: 6907328 | D9: 4906968 | E9: 3849393 | F9: 5178948 | G9: 4872720 | H9: 6765084 | I9: 7273234 | J9: 4399414 | K9: =SUM(unicount!$B9:$J9)/SUM(pop!$B9:$J9)*100000 -> 0.07268477
A10: 1983 | B10: 2616854 | C10: 6880943 | D10: 4902498 | E10: 3854682 | F10: 5174671 | G10: 4901572 | H10: 6752989 | I10: 7302985 | J10: 4426499 | K10: =SUM(unicount!$B10:$J10)/SUM(pop!$B10:$J10)*100000 -> 0.07476445
A11: 1984 | B11: 2609362 | C11: 6860934 | D11: 4894854 | E11: 3866784 | F11: 5174068 | G11: 4926795 | H11: 6754717 | I11: 7360814 | J11: 4464116 | K11: =SUM(unicount!$B11:$J11)/SUM(pop!$B11:$J11)*100000 -> 0.07460707
A12: 1985 | B12: 2601689 | C12: 6847898 | D12: 4889690 | E12: 3887502 | F12: 5181531 | G12: 4963772 | H12: 6766997 | I12: 7413733 | J12: 4504547 | K12: =SUM(unicount!$B12:$J12)/SUM(pop!$B12:$J12)*100000 -> 0.074377315
A13: 1986 | B13: 2594213 | C13: 6832680 | D13: 4883634 | E13: 3907811 | F13: 5179950 | G13: 4999268 | H13: 6774202 | I13: 7468272 | J13: 4547613 | K13: =SUM(unicount!$B13:$J13)/SUM(pop!$B13:$J13)*100000 -> 0.074171961
A14: 1987 | B14: 2589779 | C14: 6820667 | D14: 4879150 | E14: 3925293 | F14: 5194570 | G14: 5030759 | H14: 6765557 | I14: 7505040 | J14: 4589604 | K14: =SUM(unicount!$B14:$J14)/SUM(pop!$B14:$J14)*100000 -> 0.073995116
A15: 1988 | B15: 2582285 | C15: 6811642 | D15: 4888711 | E15: 3950708 | F15: 5204005 | G15: 5059695 | H15: 6729336 | I15: 7550554 | J15: 4635406 | K15: =SUM(unicount!$B15:$J15)/SUM(pop!$B15:$J15)*100000 -> 0.073820441
A16: 1989 | B16: 2582114 | C16: 6824728 | D16: 4912364 | E16: 3976079 | F16: 5213605 | G16: 5070133 | H16: 6751562 | I16: 7568528 | J16: 4653538 | K16: =SUM(unicount!$B16:$J16)/SUM(pop!$B16:$J16)*100000 -> 0.073602626
A17: 1990 | B17: 2584320 | C17: 6829393 | D17: 4921028 | E17: 3992976 | F17: 5218405 | G17: 5087962 | H17: 6798786 | I17: 7598057 | J17: 4668189 | K17: =SUM(unicount!$B17:$J17)/SUM(pop!$B17:$J17)*100000 -> 0.073376622
A18: 1991 | B18: 2586986 | C18: 6843039 | D18: 4936100 | E18: 4011411 | F18: 5229699 | G18: 5121052 | H18: 6829314 | I18: 7629186 | J18: 4688248 | K18: =SUM(unicount!$B18:$J18)/SUM(pop!$B18:$J18)*100000 -> 0.073106996
A19: 1992 | B19: 2591333 | C19: 6841029 | D19: 4949033 | E19: 4036691 | F19: 5237375 | G19: 5142589 | H19: 6829408 | I19: 7656594 | J19: 4713921 | K19: =SUM(unicount!$B19:$J19)/SUM(pop!$B19:$J19)*100000 -> 0.14167265
... A51: 2024 | B51: 2760678 | C51: 7737414 | D51: 5672962 | E51: 5063164 | F51: 6187204 | G51: 6576306 | H51: 9089736 | I51: 9642942 | J51: 5889695 | K51: =SUM(unicount!$B51:$J51)/SUM(pop!$B51:$J51)*100000 -> 0.20811974
A52: 2025 | B52: =B51*(B51/B50) -> 2810872.3 | C52: =C51*(C51/C50) -> 7877182 | D52: =D51*(D51/D50) -> 5752910 | E52: =E51*(E51/E50) -> 5136098.7 | F52: =F51*(F51/F50) -> 6290414.4 | G52: =G51*(G51/G50) -> 6685738.2 | H52: =H51*(H51/H50) -> 9236494.9 | I52: =I51*(I51/I50) -> 9806091.4 | J52: =J51*(J51/J50) -> 5969189.7 | K52: =SUM(unicount!$B52:$J52)/SUM(pop!$B52:$J52)*100000 -> 0.20481829

Sheet uniperpop
A1: year | B1: north.east | C1: north.west | D1: yorkshire.and.the.humber | E1: east.midlands | F1: west.midlands | G1: east | H1: london | I1: south.east | J1: south.west
A2: 1975 | B2: =unicount!B2/pop!B2*1000000 -> 0.76274192 | C2: =unicount!C2/pop!C2*1000000 -> 0.57974094 | D2: =unicount!D2/pop!D2*1000000 -> 1.0191191 | E2: =unicount!E2/pop!E2*1000000 -> 0.77774878 | F2: =unicount!F2/pop!F2*1000000 -> 0.7722286 | G2: =unicount!G2/pop!G2*1000000 -> 0.61358887 | H2: =unicount!H2/pop!H2*1000000 -> 0.44371279 | I2: =unicount!I2/pop!I2*1000000 -> 0.95950086 | J2: =unicount!J2/pop!J2*100000 -> 0.067890503
A3: 1976 | B3: =unicount!B3/pop!B3*1000000 -> 0.76206015 | C3: =unicount!C3/pop!C3*1000000 -> 0.57917166 | D3: =unicount!D3/pop!D3*1000000 -> 1.0186923 | E3: =unicount!E3/pop!E3*1000000 -> 0.77790351 | F3: =unicount!F3/pop!F3*1000000 -> 0.77205898 | G3: =unicount!G3/pop!G3*1000000 -> 0.61430662 | H3: =unicount!H3/pop!H3*1000000 -> 0.44366955 | I3: =unicount!I3/pop!I3*1000000 -> 0.96065096 | J3: =unicount!J3/pop!J3*100000 -> 0.067981517
A4: 1977 | B4: =unicount!B4/pop!B4*1000000 -> 0.76207064 | C4: =unicount!C4/pop!C4*1000000 -> 0.5791589 | D4: =unicount!D4/pop!D4*1000000 -> 1.0187368 | E4: =unicount!E4/pop!E4*1000000 -> 0.77814317 | F4: =unicount!F4/pop!F4*1000000 -> 0.77210874 | G4: =unicount!G4/pop!G4*1000000 -> 0.61453385 | H4: =unicount!H4/pop!H4*1000000 -> 0.44363352 | I4: =unicount!I4/pop!I4*1000000 -> 0.9609475 | J4: =unicount!J4/pop!J4*100000 -> 0.068016325
A5: 1978 | B5: =unicount!B5/pop!B5*1000000 -> 0.7624374 | C5: =unicount!C5/pop!C5*1000000 -> 0.57951725 | D5: =unicount!D5/pop!D5*1000000 -> 1.0189285 | E5: =unicount!E5/pop!E5*1000000 -> 0.77816502 | F5: =unicount!F5/pop!F5*1000000 -> 0.77225648 | G5: =unicount!G5/pop!G5*1000000 -> 0.61411823 | H5: =unicount!H5/pop!H5*1000000 -> 0.44373577 | I5: =unicount!I5/pop!I5*1000000 -> 0.96054075 | J5: =unicount!J5/pop!J5*100000 -> 0.067975759
A6: 1979 | B6: =unicount!B6/pop!B6*1000000 -> 0.7631067 | C6: =unicount!C6/pop!C6*1000000 -> 0.58009663 | D6: =unicount!D6/pop!D6*1000000 -> 1.019353 | E6: =unicount!E6/pop!E6*1000000 -> 0.77777631 | F6: =unicount!F6/pop!F6*1000000 -> 0.77239462 | G6: =unicount!G6/pop!G6*1000000 -> 0.61324488 | H6: =unicount!H6/pop!H6*1000000 -> 0.44380211 | I6: =unicount!I6/pop!I6*1000000 -> 0.95893426 | J6: =unicount!J6/pop!J6*100000 -> 0.067845658
A7: 1980 | B7: =unicount!B7/pop!B7*1000000 -> 0.76403842 | C7: =unicount!C7/pop!C7*1000000 -> 0.58076348 | D7: =unicount!D7/pop!D7*1000000 -> 1.0198861 | E7: =unicount!E7/pop!E7*1000000 -> 0.77675759 | F7: =unicount!F7/pop!F7*1000000 -> 0.77232425 | G7: =unicount!G7/pop!G7*1000000 -> 0.61174923 | H7: =unicount!H7/pop!H7*1000000 -> 0.44372304 | I7: =unicount!I7/pop!I7*1000000 -> 0.95644563 | J7: =unicount!J7/pop!J7*100000 -> 0.067634715
A8: 1981 | B8: =unicount!B8/pop!B8*1000000 -> 0.75866951 | C8: =unicount!C8/pop!C8*1000000 -> 0.57634197 | D8: =unicount!D8/pop!D8*1000000 -> 1.0165635 | E8: =unicount!E8/pop!E8*1000000 -> 0.77867813 | F8: =unicount!F8/pop!F8*1000000 -> 0.77121204 | G8: =unicount!G8/pop!G8*1000000 -> 0.61792069 | H8: =unicount!H8/pop!H8*1000000 -> 0.44345347 | I8: =unicount!I8/pop!I8*1000000 -> 0.96644303 | J8: =unicount!J8/pop!J8*100000 -> 0.068440274
A9: 1982 | B9: =unicount!B9/pop!B9*1000000 -> 0.76212309 | C9: =unicount!C9/pop!C9*1000000 -> 0.57909513 | D9: =unicount!D9/pop!D9*1000000 -> 1.0189592 | E9: =unicount!E9/pop!E9*1000000 -> 0.77934365 | F9: =unicount!F9/pop!F9*1000000 -> 0.77235763 | G9: =unicount!G9/pop!G9*1000000 -> 0.61567256 | H9: =unicount!H9/pop!H9*1000000 -> 0.44345347 | I9: =unicount!I9/pop!I9*1000000 -> 0.96243294 | J9: =unicount!J9/pop!J9*100000 -> 0.0681909
A10: 1983 | B10: =unicount!B10/pop!B10*1000000 -> 0.76427649 | C10: =unicount!C10/pop!C10*1000000 -> 0.58131567 | D10: =unicount!D10/pop!D10*1000000 -> 1.0198882 | E10: =unicount!E10/pop!E10*1000000 -> 0.77827432 | F10: =unicount!F10/pop!F10*1000000 -> 0.772996 | G10: =unicount!G10/pop!G10*1000000 -> 0.61204854 | H10: =unicount!H10/pop!H10*1000000 -> 0.44424772 | I10: =unicount!I10/pop!I10*1000000 -> 1.0954425 | J10: =unicount!J10/pop!J10*100000 -> 0.067773651
A11: 1984 | B11: =unicount!B11/pop!B11*1000000 -> 0.76647088 | C11: =unicount!C11/pop!C11*1000000 -> 0.583011 | D11: =unicount!D11/pop!D11*1000000 -> 1.0214809 | E11: =unicount!E11/pop!E11*1000000 -> 0.77583853 | F11: =unicount!F11/pop!F11*1000000 -> 0.77308609 | G11: =unicount!G11/pop!G11*1000000 -> 0.60891513 | H11: =unicount!H11/pop!H11*1000000 -> 0.44413408 | I11: =unicount!I11/pop!I11*1000000 -> 1.0868363 | J11: =unicount!J11/pop!J11*100000 -> 0.067202555
A12: 1985 | B12: =unicount!B12/pop!B12*1000000 -> 0.76873139 | C12: =unicount!C12/pop!C12*1000000 -> 0.58412085 | D12: =unicount!D12/pop!D12*1000000 -> 1.0225597 | E12: =unicount!E12/pop!E12*1000000 -> 0.77170378 | F12: =unicount!F12/pop!F12*1000000 -> 0.77197261 | G12: =unicount!G12/pop!G12*1000000 -> 0.60437909 | H12: =unicount!H12/pop!H12*1000000 -> 0.44332811 | I12: =unicount!I12/pop!I12*1000000 -> 1.0790785 | J12: =unicount!J12/pop!J12*100000 -> 0.066599372
A13: 1986 | B13: =unicount!B13/pop!B13*1000000 -> 0.77094672 | C13: =unicount!C13/pop!C13*1000000 -> 0.58542183 | D13: =unicount!D13/pop!D13*1000000 -> 1.0238277 | E13: =unicount!E13/pop!E13*1000000 -> 0.76769322 | F13: =unicount!F13/pop!F13*1000000 -> 0.77220823 | G13: =unicount!G13/pop!G13*1000000 -> 0.60008785 | H13: =unicount!H13/pop!H13*1000000 -> 0.44285659 | I13: =unicount!I13/pop!I13*1000000 -> 1.0711983 | J13: =unicount!J13/pop!J13*100000 -> 0.065968674
... A52: 2025 | B52: =unicount!B52/pop!B52*1000000 -> 1.7788072 | C52: =unicount!C52/pop!C52*1000000 -> 1.5233874 | D52: =unicount!D52/pop!D52*1000000 -> 1.9120758 | E52: =unicount!E52/pop!E52*1000000 -> 1.7523028 | F52: =unicount!F52/pop!F52*1000000 -> 2.0666365 | G52: =unicount!G52/pop!G52*1000000 -> 1.346149 | H52: =unicount!H52/pop!H52*1000000 -> 3.031453 | I52: =unicount!I52/pop!I52*1000000 -> 2.0395486 | J52: =unicount!J52/pop!J52*100000 -> 0.25129039

Sheet uniperkm
A1: year | B1: north.east | C1: north.west | D1: yorkshire.and.the.humber | E1: east.midlands | F1: west.midlands | G1: east | H1: london | I1: south.east | J1: south.west
A2: 1975 | B2: =unicount!B2/8592*1000 -> 0.23277467 | C2: =unicount!C2/14108*1000 -> 0.28352708 | D2: =unicount!D2/15420*1000 -> 0.32425422 | E2: =unicount!E2/15627*1000 -> 0.19197543 | F2: =unicount!F2/12998*1000 -> 0.30773965 | G2: =unicount!G2/19116*1000 -> 0.1569366 | H2: =unicount!H2/1572*1000 -> 1.9083969 | I2: =unicount!I2/19096*1000 -> 0.36656891 | J2: =unicount!J2/23836*1000 -> 0.12586004
A3: 1976 | B3: =unicount!B3/8592*1000 -> 0.23277467 | C3: =unicount!C3/14108*1000 -> 0.28352708 | D3: =unicount!D3/15420*1000 -> 0.32425422 | E3: =unicount!E3/15627*1000 -> 0.19197543 | F3: =unicount!F3/12998*1000 -> 0.30773965 | G3: =unicount!G3/19116*1000 -> 0.1569366 | H3: =unicount!H3/1572*1000 -> 1.9083969 | I3: =unicount!I3/19096*1000 -> 0.36656891 | J3: =unicount!J3/23836*1000 -> 0.12586004
A4: 1977 | B4: =unicount!B4/8592*1000 -> 0.23277467 | C4: =unicount!C4/14108*1000 -> 0.28352708 | D4: =unicount!D4/15420*1000 -> 0.32425422 | E4: =unicount!E4/15627*1000 -> 0.19197543 | F4: =unicount!F4/12998*1000 -> 0.30773965 | G4: =unicount!G4/19116*1000 -> 0.1569366 | H4: =unicount!H4/1572*1000 -> 1.9083969 | I4: =unicount!I4/19096*1000 -> 0.36656891 | J4: =unicount!J4/23836*1000 -> 0.12586004
A5: 1978 | B5: =unicount!B5/8592*1000 -> 0.23277467 | C5: =unicount!C5/14108*1000 -> 0.28352708 | D5: =unicount!D5/15420*1000 -> 0.32425422 | E5: =unicount!E5/15627*1000 -> 0.19197543 | F5: =unicount!F5/12998*1000 -> 0.30773965 | G5: =unicount!G5/19116*1000 -> 0.1569366 | H5: =unicount!H5/1572*1000 -> 1.9083969 | I5: =unicount!I5/19096*1000 -> 0.36656891 | J5: =unicount!J5/23836*1000 -> 0.12586004
A6: 1979 | B6: =unicount!B6/8592*1000 -> 0.23277467 | C6: =unicount!C6/14108*1000 -> 0.28352708 | D6: =unicount!D6/15420*1000 -> 0.32425422 | E6: =unicount!E6/15627*1000 -> 0.19197543 | F6: =unicount!F6/12998*1000 -> 0.30773965 | G6: =unicount!G6/19116*1000 -> 0.1569366 | H6: =unicount!H6/1572*1000 -> 1.9083969 | I6: =unicount!I6/19096*1000 -> 0.36656891 | J6: =unicount!J6/23836*1000 -> 0.12586004
A7: 1980 | B7: =unicount!B7/8592*1000 -> 0.23277467 | C7: =unicount!C7/14108*1000 -> 0.28352708 | D7: =unicount!D7/15420*1000 -> 0.32425422 | E7: =unicount!E7/15627*1000 -> 0.19197543 | F7: =unicount!F7/12998*1000 -> 0.30773965 | G7: =unicount!G7/19116*1000 -> 0.1569366 | H7: =unicount!H7/1572*1000 -> 1.9083969 | I7: =unicount!I7/19096*1000 -> 0.36656891 | J7: =unicount!J7/23836*1000 -> 0.12586004
A8: 1981 | B8: =unicount!B8/8592*1000 -> 0.23277467 | C8: =unicount!C8/14108*1000 -> 0.28352708 | D8: =unicount!D8/15420*1000 -> 0.32425422 | E8: =unicount!E8/15627*1000 -> 0.19197543 | F8: =unicount!F8/12998*1000 -> 0.30773965 | G8: =unicount!G8/19116*1000 -> 0.1569366 | H8: =unicount!H8/1572*1000 -> 1.9083969 | I8: =unicount!I8/19096*1000 -> 0.36656891 | J8: =unicount!J8/23836*1000 -> 0.12586004
A9: 1982 | B9: =unicount!B9/8592*1000 -> 0.23277467 | C9: =unicount!C9/14108*1000 -> 0.28352708 | D9: =unicount!D9/15420*1000 -> 0.32425422 | E9: =unicount!E9/15627*1000 -> 0.19197543 | F9: =unicount!F9/12998*1000 -> 0.30773965 | G9: =unicount!G9/19116*1000 -> 0.1569366 | H9: =unicount!H9/1572*1000 -> 1.9083969 | I9: =unicount!I9/19096*1000 -> 0.36656891 | J9: =unicount!J9/23836*1000 -> 0.12586004
A10: 1983 | B10: =unicount!B10/8592*1000 -> 0.23277467 | C10: =unicount!C10/14108*1000 -> 0.28352708 | D10: =unicount!D10/15420*1000 -> 0.32425422 | E10: =unicount!E10/15627*1000 -> 0.19197543 | F10: =unicount!F10/12998*1000 -> 0.30773965 | G10: =unicount!G10/19116*1000 -> 0.1569366 | H10: =unicount!H10/1572*1000 -> 1.9083969 | I10: =unicount!I10/19096*1000 -> 0.4189359 | J10: =unicount!J10/23836*1000 -> 0.12586004
A11: 1984 | B11: =unicount!B11/8592*1000 -> 0.23277467 | C11: =unicount!C11/14108*1000 -> 0.28352708 | D11: =unicount!D11/15420*1000 -> 0.32425422 | E11: =unicount!E11/15627*1000 -> 0.19197543 | F11: =unicount!F11/12998*1000 -> 0.30773965 | G11: =unicount!G11/19116*1000 -> 0.1569366 | H11: =unicount!H11/1572*1000 -> 1.9083969 | I11: =unicount!I11/19096*1000 -> 0.4189359 | J11: =unicount!J11/23836*1000 -> 0.12586004
A12: 1985 | B12: =unicount!B12/8592*1000 -> 0.23277467 | C12: =unicount!C12/14108*1000 -> 0.28352708 | D12: =unicount!D12/15420*1000 -> 0.32425422 | E12: =unicount!E12/15627*1000 -> 0.19197543 | F12: =unicount!F12/12998*1000 -> 0.30773965 | G12: =unicount!G12/19116*1000 -> 0.1569366 | H12: =unicount!H12/1572*1000 -> 1.9083969 | I12: =unicount!I12/19096*1000 -> 0.4189359 | J12: =unicount!J12/23836*1000 -> 0.12586004
A13: 1986 | B13: =unicount!B13/8592*1000 -> 0.23277467 | C13: =unicount!C13/14108*1000 -> 0.28352708 | D13: =unicount!D13/15420*1000 -> 0.32425422 | E13: =unicount!E13/15627*1000 -> 0.19197543 | F13: =unicount!F13/12998*1000 -> 0.30773965 | G13: =unicount!G13/19116*1000 -> 0.1569366 | H13: =unicount!H13/1572*1000 -> 1.9083969 | I13: =unicount!I13/19096*1000 -> 0.4189359 | J13: =unicount!J13/23836*1000 -> 0.12586004
... A52: 2025 | B52: =unicount!B52/8592*1000 -> 0.58193669 | C52: =unicount!C52/14108*1000 -> 0.85058123 | D52: =unicount!D52/15420*1000 -> 0.71335927 | E52: =unicount!E52/15627*1000 -> 0.57592628 | F52: =unicount!F52/12998*1000 -> 1.0001539 | G52: =unicount!G52/19116*1000 -> 0.47080979 | H52: =unicount!H52/1572*1000 -> 17.811705 | I52: =unicount!I52/19096*1000 -> 1.0473398 | J52: =unicount!J52/23836*1000 -> 0.62930022

Sheet uniweight
A1: year | B1: north.east | C1: north.west | D1: yorkshire.and.the.humber | E1: east.midlands | F1: west.midlands | G1: east | H1: london | I1: south.east | J1: south.west
A2: 1975 | B2: =unicount!B2/pop!B2*100000-pop!$K2 -> 0.0036708313 | C2: =unicount!C2/pop!C2*100000-pop!$K2 -> -0.014629267 | D2: =unicount!D2/pop!D2*100000-pop!$K2 -> 0.029308552 | E2: =unicount!E2/pop!E2*100000-pop!$K2 -> 0.0051715166 | F2: =unicount!F2/pop!F2*100000-pop!$K2 -> 0.0046194984 | G2: =unicount!G2/pop!G2*100000-pop!$K2 -> -0.011244474 | H2: =unicount!H2/pop!H2*100000-pop!$K2 -> -0.028232082 | I2: =unicount!I2/pop!I2*100000-pop!$K2 -> 0.023346725 | J2: =unicount!J2/pop!J2*100000-pop!$K2 -> -0.0047128578
A3: 1976 | B3: =unicount!B3/pop!B3*100000-pop!$K3 -> 0.003590017 | C3: =unicount!C3/pop!C3*100000-pop!$K3 -> -0.014698832 | D3: =unicount!D3/pop!D3*100000-pop!$K3 -> 0.029253231 | E3: =unicount!E3/pop!E3*100000-pop!$K3 -> 0.005174353 | F3: =unicount!F3/pop!F3*100000-pop!$K3 -> 0.0045898999 | G3: =unicount!G3/pop!G3*100000-pop!$K3 -> -0.011185337 | H3: =unicount!H3/pop!H3*100000-pop!$K3 -> -0.028249044 | I3: =unicount!I3/pop!I3*100000-pop!$K3 -> 0.023449097 | J3: =unicount!J3/pop!J3*100000-pop!$K3 -> -0.004634481
A4: 1977 | B4: =unicount!B4/pop!B4*100000-pop!$K4 -> 0.0035796129 | C4: =unicount!C4/pop!C4*100000-pop!$K4 -> -0.014711561 | D4: =unicount!D4/pop!D4*100000-pop!$K4 -> 0.029246225 | E4: =unicount!E4/pop!E4*100000-pop!$K4 -> 0.0051868654 | F4: =unicount!F4/pop!F4*100000-pop!$K4 -> 0.0045834228 | G4: =unicount!G4/pop!G4*100000-pop!$K4 -> -0.011174066 | H4: =unicount!H4/pop!H4*100000-pop!$K4 -> -0.028264099 | I4: =unicount!I4/pop!I4*100000-pop!$K4 -> 0.023467298 | J4: =unicount!J4/pop!J4*100000-pop!$K4 -> -0.0046111262
A5: 1978 | B5: =unicount!B5/pop!B5*100000-pop!$K5 -> 0.0036161434 | C5: =unicount!C5/pop!C5*100000-pop!$K5 -> -0.014675871 | D5: =unicount!D5/pop!D5*100000-pop!$K5 -> 0.029265253 | E5: =unicount!E5/pop!E5*100000-pop!$K5 -> 0.0051889057 | F5: =unicount!F5/pop!F5*100000-pop!$K5 -> 0.0045980511 | G5: =unicount!G5/pop!G5*100000-pop!$K5 -> -0.011215773 | H5: =unicount!H5/pop!H5*100000-pop!$K5 -> -0.02825402 | I5: =unicount!I5/pop!I5*100000-pop!$K5 -> 0.023426478 | J5: =unicount!J5/pop!J5*100000-pop!$K5 -> -0.0046518377
A6: 1979 | B6: =unicount!B6/pop!B6*100000-pop!$K6 -> 0.0037084769 | C6: =unicount!C6/pop!C6*100000-pop!$K6 -> -0.014592529 | D6: =unicount!D6/pop!D6*100000-pop!$K6 -> 0.029333108 | E6: =unicount!E6/pop!E6*100000-pop!$K6 -> 0.0051754377 | F6: =unicount!F6/pop!F6*100000-pop!$K6 -> 0.0046372695 | G6: =unicount!G6/pop!G6*100000-pop!$K6 -> -0.011277705 | H6: =unicount!H6/pop!H6*100000-pop!$K6 -> -0.028221982 | I6: =unicount!I6/pop!I6*100000-pop!$K6 -> 0.023291234 | J6: =unicount!J6/pop!J6*100000-pop!$K6 -> -0.0047565344
A7: 1980 | B7: =unicount!B7/pop!B7*100000-pop!$K7 -> 0.0038602088 | C7: =unicount!C7/pop!C7*100000-pop!$K7 -> -0.014467285 | D7: =unicount!D7/pop!D7*100000-pop!$K7 -> 0.029444973 | E7: =unicount!E7/pop!E7*100000-pop!$K7 -> 0.0051321255 | F7: =unicount!F7/pop!F7*100000-pop!$K7 -> 0.0046887919 | G7: =unicount!G7/pop!G7*100000-pop!$K7 -> -0.01136871 | H7: =unicount!H7/pop!H7*100000-pop!$K7 -> -0.02817133 | I7: =unicount!I7/pop!I7*100000-pop!$K7 -> 0.023100929 | J7: =unicount!J7/pop!J7*100000-pop!$K7 -> -0.0049089187
A8: 1981 | B8: =unicount!B8/pop!B8*100000-pop!$K8 -> 0.003187699 | C8: =unicount!C8/pop!C8*100000-pop!$K8 -> -0.015045055 | D8: =unicount!D8/pop!D8*100000-pop!$K8 -> 0.028977096 | E8: =unicount!E8/pop!E8*100000-pop!$K8 -> 0.0051885616 | F8: =unicount!F8/pop!F8*100000-pop!$K8 -> 0.0044419527 | G8: =unicount!G8/pop!G8*100000-pop!$K8 -> -0.010887183 | H8: =unicount!H8/pop!H8*100000-pop!$K8 -> -0.028333904 | I8: =unicount!I8/pop!I8*100000-pop!$K8 -> 0.023965051 | J8: =unicount!J8/pop!J8*100000-pop!$K8 -> -0.004238978
A9: 1982 | B9: =unicount!B9/pop!B9*100000-pop!$K9 -> 0.0035275388 | C9: =unicount!C9/pop!C9*100000-pop!$K9 -> -0.014775257 | D9: =unicount!D9/pop!D9*100000-pop!$K9 -> 0.029211146 | E9: =unicount!E9/pop!E9*100000-pop!$K9 -> 0.0052495948 | F9: =unicount!F9/pop!F9*100000-pop!$K9 -> 0.0045509925 | G9: =unicount!G9/pop!G9*100000-pop!$K9 -> -0.011117514 | H9: =unicount!H9/pop!H9*100000-pop!$K9 -> -0.028339423 | I9: =unicount!I9/pop!I9*100000-pop!$K9 -> 0.023558524 | J9: =unicount!J9/pop!J9*100000-pop!$K9 -> -0.0044938704
A10: 1983 | B10: =unicount!B10/pop!B10*100000-pop!$K10 -> 0.0016631996 | C10: =unicount!C10/pop!C10*100000-pop!$K10 -> -0.016632883 | D10: =unicount!D10/pop!D10*100000-pop!$K10 -> 0.027224373 | E10: =unicount!E10/pop!E10*100000-pop!$K10 -> 0.0030629819 | F10: =unicount!F10/pop!F10*100000-pop!$K10 -> 0.0025351505 | G10: =unicount!G10/pop!G10*100000-pop!$K10 -> -0.013559596 | H10: =unicount!H10/pop!H10*100000-pop!$K10 -> -0.030339677 | I10: =unicount!I10/pop!I10*100000-pop!$K10 -> 0.034779798 | J10: =unicount!J10/pop!J10*100000-pop!$K10 -> -0.0069907984
A11: 1984 | B11: =unicount!B11/pop!B11*100000-pop!$K11 -> 0.0020400183 | C11: =unicount!C11/pop!C11*100000-pop!$K11 -> -0.01630597 | D11: =unicount!D11/pop!D11*100000-pop!$K11 -> 0.027541023 | E11: =unicount!E11/pop!E11*100000-pop!$K11 -> 0.0029767825 | F11: =unicount!F11/pop!F11*100000-pop!$K11 -> 0.0027015389 | G11: =unicount!G11/pop!G11*100000-pop!$K11 -> -0.013715558 | H11: =unicount!H11/pop!H11*100000-pop!$K11 -> -0.030193662 | I11: =unicount!I11/pop!I11*100000-pop!$K11 -> 0.034076562 | J11: =unicount!J11/pop!J11*100000-pop!$K11 -> -0.0074045154
A12: 1985 | B12: =unicount!B12/pop!B12*100000-pop!$K12 -> 0.0024958242 | C12: =unicount!C12/pop!C12*100000-pop!$K12 -> -0.01596523 | D12: =unicount!D12/pop!D12*100000-pop!$K12 -> 0.027878657 | E12: =unicount!E12/pop!E12*100000-pop!$K12 -> 0.0027930636 | F12: =unicount!F12/pop!F12*100000-pop!$K12 -> 0.0028199461 | G12: =unicount!G12/pop!G12*100000-pop!$K12 -> -0.013939406 | H12: =unicount!H12/pop!H12*100000-pop!$K12 -> -0.030044504 | I12: =unicount!I12/pop!I12*100000-pop!$K12 -> 0.033530537 | J12: =unicount!J12/pop!J12*100000-pop!$K12 -> -0.007777943
A13: 1986 | B13: =unicount!B13/pop!B13*100000-pop!$K13 -> 0.0029227112 | C13: =unicount!C13/pop!C13*100000-pop!$K13 -> -0.015629778 | D13: =unicount!D13/pop!D13*100000-pop!$K13 -> 0.028210814 | E13: =unicount!E13/pop!E13*100000-pop!$K13 -> 0.0025973611 | F13: =unicount!F13/pop!F13*100000-pop!$K13 -> 0.0030488619 | G13: =unicount!G13/pop!G13*100000-pop!$K13 -> -0.014163175 | H13: =unicount!H13/pop!H13*100000-pop!$K13 -> -0.029886302 | I13: =unicount!I13/pop!I13*100000-pop!$K13 -> 0.032947866 | J13: =unicount!J13/pop!J13*100000-pop!$K13 -> -0.0082032865
... A51: 2024 | B51: =unicount!B51/pop!B51*100000-pop!$K51 -> -0.027004808 | C51: =unicount!C51/pop!C51*100000-pop!$K51 -> -0.05302916 | D51: =unicount!D51/pop!D51*100000-pop!$K51 -> -0.014217504 | E51: =unicount!E51/pop!E51*100000-pop!$K51 -> -0.030365274 | F51: =unicount!F51/pop!F51*100000-pop!$K51 -> 0.0019913245 | G51: =unicount!G51/pop!G51*100000-pop!$K51 -> -0.071264791 | H51: =unicount!H51/pop!H51*100000-pop!$K51 -> 0.099920013 | I51: =unicount!I51/pop!I51*100000-pop!$K51 -> -0.00071415471 | J51: =unicount!J51/pop!J51*100000-pop!$K51 -> 0.046562382
A52: 2025 | B52: =unicount!B52/pop!B52*100000-pop!$K52 -> -0.026937573 | C52: =unicount!C52/pop!C52*100000-pop!$K52 -> -0.052479551 | D52: =unicount!D52/pop!D52*100000-pop!$K52 -> -0.013610716 | E52: =unicount!E52/pop!E52*100000-pop!$K52 -> -0.029588017 | F52: =unicount!F52/pop!F52*100000-pop!$K52 -> 0.0018453542 | G52: =unicount!G52/pop!G52*100000-pop!$K52 -> -0.070203391 | H52: =unicount!H52/pop!H52*100000-pop!$K52 -> 0.098327005 | I52: =unicount!I52/pop!I52*100000-pop!$K52 -> -0.00086343474 | J52: =unicount!J52/pop!J52*100000-pop!$K52 -> 0.046472095 | K52: =SUM(B52:J52) -> -0.047038229

Sheet CPI
A1: year | B1: CPI
A2: 1975 | B2: 15.516223
A3: 1976 | B3: 18.085635
A4: 1977 | B4: 20.950448
A5: 1978 | B5: 22.681613
A6: 1979 | B6: 25.725776
A7: 1980 | B7: 30.34765
A8: 1981 | B8: 33.951927
A9: 1982 | B9: 36.871407
A10: 1983 | B10: 38.570922
A11: 1984 | B11: 40.484314
A12: 1985 | B12: 42.942276
A13: 1986 | B13: 44.41417
... A52: 2025 | B52: 138.0115
